assay,group_type,group_name,motif,width,inside_v_enrichment,lrt_pvalue,lrt_qvalue,lrt_statistic,width_cutoff,enrichment_cutoff,width_ratio,enrichment_ratio,minus_log10_lrt,minus_log10_lrt_display,passes_two_feature_rule,classification
loMNase,matched cleavage-bias controls,AAG,MNase_Bias_AAG_loMNase_fragL_dist,0.0,0.0740918121538016,0.4697707274437644,0.8654232957574649,q-value,6.708921215961457,0.5067117145116604,0.0,0.14622083925019777,0.06277141849395251,0.06277141849395251,False,cleavage-bias-like / below cut-off
loMNase,matched cleavage-bias controls,ACA,MNase_Bias_ACA_loMNase_fragL_dist,0.0,0.0462740870602136,0.8602474729335392,0.8654232957574649,q-value,6.708921215961457,0.5067117145116604,0.0,0.09132231550006675,0.06277141849395251,0.06277141849395251,False,cleavage-bias-like / below cut-off
loMNase,matched cleavage-bias controls,AGA,MNase_Bias_AGA_loMNase_fragL_dist,0.0,0.0509118303313838,0.8287786974045441,0.8654232957574649,q-value,6.708921215961457,0.5067117145116604,0.0,0.10047494240477486,0.06277141849395251,0.06277141849395251,False,cleavage-bias-like / below cut-off
loMNase,matched cleavage-bias controls,AGT,MNase_Bias_AGT_loMNase_fragL_dist,0.0,0.0518243966644096,0.7726093883121822,0.8654232957574649,q-value,6.708921215961457,0.5067117145116604,0.0,0.10227590004378519,0.06277141849395251,0.06277141849395251,False,cleavage-bias-like / below cut-off
loMNase,matched cleavage-bias controls,TGG,MNase_Bias_TGG_loMNase_fragL_dist,0.0004495969746763,0.0648155726527457,0.3021093228120435,0.7552733070301088,q-value,6.708921215961457,0.5067117145116604,6.701479421261442e-05,0.12791409947017157,0.1218958639250763,0.1218958639250763,False,cleavage-bias-like / below cut-off
loMNase,TF motifs,CTCF,CTCF_loMNase_fragL_dist,32.73390871924943,3.4505575792133087,0.0,0.0,q-value,6.708921215961457,0.5067117145116604,4.879161293677276,6.809705559183208,323.3062153431158,60.0,True,TF-footprint-like
loMNase,TF motifs,SP1,SP1_loMNase_fragL_dist,15.41441660449656,1.7887044713827391,0.0,0.0,q-value,6.708921215961457,0.5067117145116604,2.2975998835436493,3.530023917261494,323.3062153431158,60.0,True,TF-footprint-like
loMNase,TF motifs,KLF16,KLF16_loMNase_fragL_dist,16.765223462945638,1.4616754713437323,0.0,0.0,q-value,6.708921215961457,0.5067117145116604,2.4989447518117873,2.8846293256756677,323.3062153431158,60.0,True,TF-footprint-like
loMNase,TF motifs,NRF1,NRF1_loMNase_fragL_dist,18.46012496221708,1.45522059016011,0.0,0.0,q-value,6.708921215961457,0.5067117145116604,2.7515787364290216,2.871890561209085,323.3062153431158,60.0,True,TF-footprint-like
loMNase,TF motifs,ZNF148,ZNF148_loMNase_fragL_dist,18.83610472935628,1.1205917805434134,0.0,0.0,q-value,6.708921215961457,0.5067117145116604,2.807620498589634,2.211497678958094,323.3062153431158,60.0,True,TF-footprint-like
loMNase,TF motifs,PATZ1,PATZ1_loMNase_fragL_dist,18.599131395388508,1.2737146612135195,0.0,0.0,q-value,6.708921215961457,0.5067117145116604,2.7722983765465283,2.513687023085804,323.3062153431158,60.0,True,TF-footprint-like
loMNase,TF motifs,NFIC,NFIC_loMNase_fragL_dist,21.6186305477476,1.911760102959273,0.0,0.0,q-value,6.708921215961457,0.5067117145116604,3.2223706094973763,3.7728752823520515,323.3062153431158,60.0,True,TF-footprint-like
loMNase,TF motifs,ZNF281,ZNF281_loMNase_fragL_dist,19.024514713069856,1.2348196123077684,0.0,0.0,q-value,6.708921215961457,0.5067117145116604,2.835703997806367,2.436927303916422,323.3062153431158,60.0,True,TF-footprint-like
loMNase,TF motifs,TFE3,TFE3_loMNase_fragL_dist,13.417392834948238,1.2094597601807795,0.0,0.0,q-value,6.708921215961457,0.5067117145116604,1.9999329852057874,2.3868794139610277,323.3062153431158,60.0,True,TF-footprint-like
loMNase,TF motifs,REST,REST_loMNase_fragL_dist,23.540293299848788,1.8312984957826672,0.0,0.0,q-value,6.708921215961457,0.5067117145116604,3.508804551742709,3.614083596917761,323.3062153431158,60.0,True,TF-footprint-like
loMNase,TF motifs,ZNF324,ZNF324_loMNase_fragL_dist,20.68929900099967,0.939331616869519,0.0,0.0,q-value,6.708921215961457,0.5067117145116604,3.0838488536393824,1.853779160749802,323.3062153431158,60.0,True,TF-footprint-like
loMNase,TF motifs,ZBTB33,ZBTB33_loMNase_fragL_dist,18.05689338783536,1.233801948238822,0.0,0.0,q-value,6.708921215961457,0.5067117145116604,2.6914749490388257,2.434918934976448,323.3062153431158,60.0,True,TF-footprint-like
DNase,matched cleavage-bias controls,TCC,DNase_Bias_TCC_loMNase_fragL_dist,6.294103997836824e-05,0.0791091167978274,0.4610044828271468,0.7683408047119112,q-value,9.154892066855576,0.338756749077624,6.875126382564394e-06,0.23352779542615115,0.11444610187549784,0.11444610187549784,False,cleavage-bias-like / below cut-off
DNase,matched cleavage-bias controls,TGA,DNase_Bias_TGA_loMNase_fragL_dist,0.0,0.0346634882378691,0.9661669590853356,1.0,q-value,9.154892066855576,0.338756749077624,0.0,0.10232560187288306,-0.0,-0.0,False,cleavage-bias-like / below cut-off
DNase,matched cleavage-bias controls,TGC,DNase_Bias_TGC_loMNase_fragL_dist,0.0002969091053805,0.1027566541648529,0.449148203291655,0.7683408047119112,q-value,9.154892066855576,0.338756749077624,3.243174285532338e-05,0.3033346330210143,0.11444610187549784,0.11444610187549784,False,cleavage-bias-like / below cut-off
DNase,matched cleavage-bias controls,TGG,DNase_Bias_TGG_loMNase_fragL_dist,0.0,0.1349075526199359,0.4112814742315748,0.7683408047119112,q-value,9.154892066855576,0.338756749077624,0.0,0.39824314345696676,0.11444610187549784,0.11444610187549784,False,cleavage-bias-like / below cut-off
DNase,matched cleavage-bias controls,TGT,DNase_Bias_TGT_loMNase_fragL_dist,0.0,-0.003235114236432,1.0,1.0,q-value,9.154892066855576,0.338756749077624,0.0,-0.009549962459023049,-0.0,-0.0,False,cleavage-bias-like / below cut-off
DNase,TF motifs,SP1,SP1_DNase_fragL_dist,20.250151168568912,1.706341955609877,0.0,0.0,q-value,9.154892066855576,0.338756749077624,2.2119486522274445,5.037071468704168,323.3062153431158,60.0,True,TF-footprint-like
DNase,TF motifs,KLF16,KLF16_DNase_fragL_dist,21.163614503918204,1.3724213368476408,0.0,0.0,q-value,9.154892066855576,0.338756749077624,2.311727363836334,4.051347583729347,323.3062153431158,60.0,True,TF-footprint-like
DNase,TF motifs,CTCF,CTCF_DNase_fragL_dist,27.61367626526648,3.057095414679148,0.0,0.0,q-value,9.154892066855576,0.338756749077624,3.0162754583682307,9.024456111953754,323.3062153431158,60.0,True,TF-footprint-like
DNase,TF motifs,ZNF281,ZNF281_DNase_fragL_dist,23.79324262296061,1.1259113893673685,0.0,0.0,q-value,9.154892066855576,0.338756749077624,2.598964842971967,3.323657439838558,323.3062153431158,60.0,True,TF-footprint-like
DNase,TF motifs,JUND,JUND_DNase_fragL_dist,19.527985439690774,1.4242677765841931,0.0,0.0,q-value,9.154892066855576,0.338756749077624,2.1330656109414994,4.204396755082306,323.3062153431158,60.0,True,TF-footprint-like
DNase,TF motifs,TFE3,TFE3_DNase_fragL_dist,18.30948722460577,1.271886195494872,0.0,0.0,q-value,9.154892066855576,0.338756749077624,1.9999675682571447,3.754570791454334,323.3062153431158,60.0,True,TF-footprint-like
DNase,TF motifs,NFIC,NFIC_DNase_fragL_dist,23.57845066471993,2.187133067037061,0.0,0.0,q-value,9.154892066855576,0.338756749077624,2.5755028560176574,6.456352745715756,323.3062153431158,60.0,True,TF-footprint-like
DNase,TF motifs,BACH1,BACH1_DNase_fragL_dist,19.13710964846024,1.6425310821306538,0.0,0.0,q-value,9.154892066855576,0.338756749077624,2.090369772653502,4.848703639419677,323.3062153431158,60.0,True,TF-footprint-like
DNase,TF motifs,ZNF740,ZNF740_DNase_fragL_dist,27.86969564540258,0.5426059455353122,0.0,0.0,q-value,9.154892066855576,0.338756749077624,3.044240766781095,1.6017568565430336,323.3062153431158,60.0,True,TF-footprint-like
DNase,TF motifs,NFE2,NFE2_DNase_fragL_dist,19.471342216024947,1.7896251153210867,0.0,0.0,q-value,9.154892066855576,0.338756749077624,2.1268784026978436,5.282920916539453,323.3062153431158,60.0,True,TF-footprint-like
DNase,TF motifs,MAFG,MAFG_DNase_fragL_dist,18.520574618837884,1.6538187544011935,0.0,0.0,q-value,9.154892066855576,0.338756749077624,2.02302490117714,4.882024517310004,323.3062153431158,60.0,True,TF-footprint-like
DNase,TF motifs,REST,REST_DNase_fragL_dist,27.82589146505724,1.3473019175943164,0.0,0.0,q-value,9.154892066855576,0.338756749077624,3.039455982861694,3.977195793922295,323.3062153431158,60.0,True,TF-footprint-like
ATAC,matched cleavage-bias controls,GCC,ATAC_Bias_GCC_loMNase_fragL_dist,0.0,0.2367896130173531,0.0,0.0,q-value,19.998395142799787,0.3732815147375332,0.0,0.634345939106703,323.3062153431158,60.0,False,cleavage-bias-like / below cut-off
ATAC,matched cleavage-bias controls,GCT,ATAC_Bias_GCT_loMNase_fragL_dist,0.0,0.1812382852915462,0.0,0.0,q-value,19.998395142799787,0.3732815147375332,0.0,0.48552708381228293,323.3062153431158,60.0,False,cleavage-bias-like / below cut-off
ATAC,matched cleavage-bias controls,GGC,ATAC_Bias_GGC_loMNase_fragL_dist,0.0,0.2372867606773675,0.0,0.0,q-value,19.998395142799787,0.3732815147375332,0.0,0.6356777694824022,323.3062153431158,60.0,False,cleavage-bias-like / below cut-off
ATAC,matched cleavage-bias controls,GTC,ATAC_Bias_GTC_loMNase_fragL_dist,0.849956249717442,0.1190056899236893,0.0,0.0,q-value,19.998395142799787,0.3732815147375332,0.04250122290555199,0.31880949156393723,323.3062153431158,60.0,False,cleavage-bias-like / below cut-off
ATAC,matched cleavage-bias controls,GTG,ATAC_Bias_GTG_loMNase_fragL_dist,0.0,0.1538471083929548,0.7129687344126411,0.7893409104036856,q-value,19.998395142799787,0.3732815147375332,0.0,0.41214767492874615,0.10273538775317775,0.10273538775317775,False,cleavage-bias-like / below cut-off
ATAC,TF motifs,CTCF,CTCF_ATAC_fragL_dist,58.30581585211251,2.935473720985055,0.0,0.0,q-value,19.998395142799787,0.3732815147375332,2.9155247426494078,7.863967555556791,323.3062153431158,60.0,True,TF-footprint-like
ATAC,TF motifs,ZNF281,ZNF281_ATAC_fragL_dist,48.19463327149978,0.7307703394226636,0.0,0.0,q-value,19.998395142799787,0.3732815147375332,2.409925042852839,1.9576922793417533,323.3062153431158,60.0,True,TF-footprint-like
ATAC,TF motifs,GMEB1,GMEB1_ATAC_fragL_dist,40.409841933112055,0.678722455558731,0.0,0.0,q-value,19.998395142799787,0.3732815147375332,2.0206542397308915,1.8182589513867669,323.3062153431158,60.0,True,TF-footprint-like
ATAC,TF motifs,STAT5B,STAT5B_ATAC_fragL_dist,43.09773087285309,0.5092762687976988,1.794307718921586e-294,2.4935599917366155e-294,q-value,19.998395142799787,0.3732815147375332,2.1550594717781633,1.3643222305175977,293.6031801787724,60.0,True,TF-footprint-like
ATAC,TF motifs,MLX,MLX_ATAC_fragL_dist,42.38229688913269,1.0743510490880577,0.0,0.0,q-value,19.998395142799787,0.3732815147375332,2.1192849019383435,2.87812550761714,323.3062153431158,60.0,True,TF-footprint-like
ATAC,TF motifs,JUND,JUND_ATAC_fragL_dist,46.01201635921868,1.1965865885433398,0.0,0.0,q-value,19.998395142799787,0.3732815147375332,2.3007854395648755,3.205587582831955,323.3062153431158,60.0,True,TF-footprint-like
ATAC,TF motifs,TFE3,TFE3_ATAC_fragL_dist,42.71505966103843,1.1571219505484285,0.0,0.0,q-value,19.998395142799787,0.3732815147375332,2.1359243757325967,3.099864056654506,323.3062153431158,60.0,True,TF-footprint-like
ATAC,TF motifs,NFIC,NFIC_ATAC_fragL_dist,48.52681500586942,1.418385903393249,0.0,0.0,q-value,19.998395142799787,0.3732815147375332,2.4265354624388946,3.799775363616824,323.3062153431158,60.0,True,TF-footprint-like
ATAC,TF motifs,CEBPG,CEBPG_ATAC_fragL_dist,44.85761107887997,1.2346327687925067,0.0,0.0,q-value,19.998395142799787,0.3732815147375332,2.243060543537189,3.307511141184204,323.3062153431158,60.0,True,TF-footprint-like
ATAC,TF motifs,CREB1,CREB1_ATAC_fragL_dist,44.71128272676358,1.051610287613055,0.0,0.0,q-value,19.998395142799787,0.3732815147375332,2.235743538793982,2.8172042978138836,323.3062153431158,60.0,True,TF-footprint-like
ATAC,TF motifs,IRF9,IRF9_ATAC_fragL_dist,40.63942627350352,0.6477449069214631,6.529023371450205e-196,8.337739305433034e-196,q-value,19.998395142799787,0.3732815147375332,2.0321343779495886,1.7352718560867244,195.07895168800343,60.0,True,TF-footprint-like
ATAC,TF motifs,MECOM,MECOM_ATAC_fragL_dist,39.14683403588213,0.8641556433159608,1.095498569356834e-214,1.4378418722808447e-214,q-value,19.998395142799787,0.3732815147375332,1.9574987770944479,2.315023940908453,213.84228887318258,60.0,True,TF-footprint-like
