label,candidate_apex_x,loglik,fixed_b,fixed_pi,n,source_file,relative_loglik
CTCF motif,-10.0,-1075581.3201080074,32.73390871924943,0.4850323756521174,200000,source_data\method_B\TF_vplot\from_server_three_assays\TF_fragL_dist_three_assays\loMNase\CTCF_fragL_dist.txt,-39649.30362765631
CTCF motif,-9.75,-1073394.6805548177,32.73390871924943,0.4850323756521174,200000,source_data\method_B\TF_vplot\from_server_three_assays\TF_fragL_dist_three_assays\loMNase\CTCF_fragL_dist.txt,-37462.664074466564
CTCF motif,-9.5,-1071257.2727172796,32.73390871924943,0.4850323756521174,200000,source_data\method_B\TF_vplot\from_server_three_assays\TF_fragL_dist_three_assays\loMNase\CTCF_fragL_dist.txt,-35325.256236928515
CTCF motif,-9.25,-1069170.988654147,32.73390871924943,0.4850323756521174,200000,source_data\method_B\TF_vplot\from_server_three_assays\TF_fragL_dist_three_assays\loMNase\CTCF_fragL_dist.txt,-33238.9721737958
CTCF motif,-9.0,-1067137.5280377693,32.73390871924943,0.4850323756521174,200000,source_data\method_B\TF_vplot\from_server_three_assays\TF_fragL_dist_three_assays\loMNase\CTCF_fragL_dist.txt,-31205.511557418155
CTCF motif,-8.75,-1065158.401924399,32.73390871924943,0.4850323756521174,200000,source_data\method_B\TF_vplot\from_server_three_assays\TF_fragL_dist_three_assays\loMNase\CTCF_fragL_dist.txt,-29226.38544404786
CTCF motif,-8.5,-1063234.9403240334,32.73390871924943,0.4850323756521174,200000,source_data\method_B\TF_vplot\from_server_three_assays\TF_fragL_dist_three_assays\loMNase\CTCF_fragL_dist.txt,-27302.923843682278
CTCF motif,-8.25,-1061368.3036005732,32.73390871924943,0.4850323756521174,200000,source_data\method_B\TF_vplot\from_server_three_assays\TF_fragL_dist_three_assays\loMNase\CTCF_fragL_dist.txt,-25436.287120222114
CTCF motif,-8.0,-1059559.4977063292,32.73390871924943,0.4850323756521174,200000,source_data\method_B\TF_vplot\from_server_three_assays\TF_fragL_dist_three_assays\loMNase\CTCF_fragL_dist.txt,-23627.481225978117
CTCF motif,-7.75,-1057809.3931670699,32.73390871924943,0.4850323756521174,200000,source_data\method_B\TF_vplot\from_server_three_assays\TF_fragL_dist_three_assays\loMNase\CTCF_fragL_dist.txt,-21877.37668671878
CTCF motif,-7.5,-1056118.7475879174,32.73390871924943,0.4850323756521174,200000,source_data\method_B\TF_vplot\from_server_three_assays\TF_fragL_dist_three_assays\loMNase\CTCF_fragL_dist.txt,-20186.731107566273
CTCF motif,-7.25,-1054488.2312696197,32.73390871924943,0.4850323756521174,200000,source_data\method_B\TF_vplot\from_server_three_assays\TF_fragL_dist_three_assays\loMNase\CTCF_fragL_dist.txt,-18556.21478926856
CTCF motif,-7.0,-1052918.4553479773,32.73390871924943,0.4850323756521174,200000,source_data\method_B\TF_vplot\from_server_three_assays\TF_fragL_dist_three_assays\loMNase\CTCF_fragL_dist.txt,-16986.438867626246
CTCF motif,-6.75,-1051410.0017395532,32.73390871924943,0.4850323756521174,200000,source_data\method_B\TF_vplot\from_server_three_assays\TF_fragL_dist_three_assays\loMNase\CTCF_fragL_dist.txt,-15477.985259202076
CTCF motif,-6.5,-1049963.4541275094,32.73390871924943,0.4850323756521174,200000,source_data\method_B\TF_vplot\from_server_three_assays\TF_fragL_dist_three_assays\loMNase\CTCF_fragL_dist.txt,-14031.43764715828
CTCF motif,-6.25,-1048579.4292641426,32.73390871924943,0.4850323756521174,200000,source_data\method_B\TF_vplot\from_server_three_assays\TF_fragL_dist_three_assays\loMNase\CTCF_fragL_dist.txt,-12647.412783791544
CTCF motif,-6.0,-1047258.6079868188,32.73390871924943,0.4850323756521174,200000,source_data\method_B\TF_vplot\from_server_three_assays\TF_fragL_dist_three_assays\loMNase\CTCF_fragL_dist.txt,-11326.591506467666
CTCF motif,-5.75,-1046001.765505249,32.73390871924943,0.4850323756521174,200000,source_data\method_B\TF_vplot\from_server_three_assays\TF_fragL_dist_three_assays\loMNase\CTCF_fragL_dist.txt,-10069.74902489793
CTCF motif,-5.5,-1044809.8006732007,32.73390871924943,0.4850323756521174,200000,source_data\method_B\TF_vplot\from_server_three_assays\TF_fragL_dist_three_assays\loMNase\CTCF_fragL_dist.txt,-8877.78419284965
CTCF motif,-5.25,-1043683.7640625563,32.73390871924943,0.4850323756521174,200000,source_data\method_B\TF_vplot\from_server_three_assays\TF_fragL_dist_three_assays\loMNase\CTCF_fragL_dist.txt,-7751.747582205222
CTCF motif,-5.0,-1042624.8846819582,32.73390871924943,0.4850323756521174,200000,source_data\method_B\TF_vplot\from_server_three_assays\TF_fragL_dist_three_assays\loMNase\CTCF_fragL_dist.txt,-6692.86820160714
CTCF motif,-4.75,-1041634.5951156389,32.73390871924943,0.4850323756521174,200000,source_data\method_B\TF_vplot\from_server_three_assays\TF_fragL_dist_three_assays\loMNase\CTCF_fragL_dist.txt,-5702.57863528782
CTCF motif,-4.5,-1040714.5547088687,32.73390871924943,0.4850323756521174,200000,source_data\method_B\TF_vplot\from_server_three_assays\TF_fragL_dist_three_assays\loMNase\CTCF_fragL_dist.txt,-4782.538228517631
CTCF motif,-4.25,-1039866.6702164662,32.73390871924943,0.4850323756521174,200000,source_data\method_B\TF_vplot\from_server_three_assays\TF_fragL_dist_three_assays\loMNase\CTCF_fragL_dist.txt,-3934.653736115084
CTCF motif,-4.0,-1039093.1130875178,32.73390871924943,0.4850323756521174,200000,source_data\method_B\TF_vplot\from_server_three_assays\TF_fragL_dist_three_assays\loMNase\CTCF_fragL_dist.txt,-3161.0966071666917
CTCF motif,-3.75,-1038396.3323103819,32.73390871924943,0.4850323756521174,200000,source_data\method_B\TF_vplot\from_server_three_assays\TF_fragL_dist_three_assays\loMNase\CTCF_fragL_dist.txt,-2464.315830030828
CTCF motif,-3.5,-1037779.0615124783,32.73390871924943,0.4850323756521174,200000,source_data\method_B\TF_vplot\from_server_three_assays\TF_fragL_dist_three_assays\loMNase\CTCF_fragL_dist.txt,-1847.0450321271783
CTCF motif,-3.25,-1037244.318823899,32.73390871924943,0.4850323756521174,200000,source_data\method_B\TF_vplot\from_server_three_assays\TF_fragL_dist_three_assays\loMNase\CTCF_fragL_dist.txt,-1312.3023435479263
CTCF motif,-3.0,-1036795.3978997476,32.73390871924943,0.4850323756521174,200000,source_data\method_B\TF_vplot\from_server_three_assays\TF_fragL_dist_three_assays\loMNase\CTCF_fragL_dist.txt,-863.3814193964936
CTCF motif,-2.75,-1036435.8484852581,32.73390871924943,0.4850323756521174,200000,source_data\method_B\TF_vplot\from_server_three_assays\TF_fragL_dist_three_assays\loMNase\CTCF_fragL_dist.txt,-503.8320049069589
CTCF motif,-2.5,-1036169.4450354986,32.73390871924943,0.4850323756521174,200000,source_data\method_B\TF_vplot\from_server_three_assays\TF_fragL_dist_three_assays\loMNase\CTCF_fragL_dist.txt,-237.42855514748953
CTCF motif,-2.25,-1036000.142200651,32.73390871924943,0.4850323756521174,200000,source_data\method_B\TF_vplot\from_server_three_assays\TF_fragL_dist_three_assays\loMNase\CTCF_fragL_dist.txt,-68.12572029989678
CTCF motif,-2.0,-1035932.0164803511,32.73390871924943,0.4850323756521174,200000,source_data\method_B\TF_vplot\from_server_three_assays\TF_fragL_dist_three_assays\loMNase\CTCF_fragL_dist.txt,0.0
CTCF motif,-1.75,-1035969.194038263,32.73390871924943,0.4850323756521174,200000,source_data\method_B\TF_vplot\from_server_three_assays\TF_fragL_dist_three_assays\loMNase\CTCF_fragL_dist.txt,-37.17755791195668
CTCF motif,-1.5,-1036115.7655260995,32.73390871924943,0.4850323756521174,200000,source_data\method_B\TF_vplot\from_server_three_assays\TF_fragL_dist_three_assays\loMNase\CTCF_fragL_dist.txt,-183.74904574838
CTCF motif,-1.25,-1036375.6897401713,32.73390871924943,0.4850323756521174,200000,source_data\method_B\TF_vplot\from_server_three_assays\TF_fragL_dist_three_assays\loMNase\CTCF_fragL_dist.txt,-443.673259820207
CTCF motif,-1.0,-1036752.688940388,32.73390871924943,0.4850323756521174,200000,source_data\method_B\TF_vplot\from_server_three_assays\TF_fragL_dist_three_assays\loMNase\CTCF_fragL_dist.txt,-820.6724600369344
CTCF motif,-0.75,-1037250.1395967241,32.73390871924943,0.4850323756521174,200000,source_data\method_B\TF_vplot\from_server_three_assays\TF_fragL_dist_three_assays\loMNase\CTCF_fragL_dist.txt,-1318.123116372968
CTCF motif,-0.5,-1037870.963076522,32.73390871924943,0.4850323756521174,200000,source_data\method_B\TF_vplot\from_server_three_assays\TF_fragL_dist_three_assays\loMNase\CTCF_fragL_dist.txt,-1938.946596170892
CTCF motif,-0.25,-1038617.5212389963,32.73390871924943,0.4850323756521174,200000,source_data\method_B\TF_vplot\from_server_three_assays\TF_fragL_dist_three_assays\loMNase\CTCF_fragL_dist.txt,-2685.5047586451983
CTCF motif,0.0,-1039491.5219775945,32.73390871924943,0.4850323756521174,200000,source_data\method_B\TF_vplot\from_server_three_assays\TF_fragL_dist_three_assays\loMNase\CTCF_fragL_dist.txt,-3559.505497243372
CTCF motif,0.25,-1040493.9394069358,32.73390871924943,0.4850323756521174,200000,source_data\method_B\TF_vplot\from_server_three_assays\TF_fragL_dist_three_assays\loMNase\CTCF_fragL_dist.txt,-4561.922926584724
CTCF motif,0.5,-1041624.9526446852,32.73390871924943,0.4850323756521174,200000,source_data\method_B\TF_vplot\from_server_three_assays\TF_fragL_dist_three_assays\loMNase\CTCF_fragL_dist.txt,-5692.936164334067
CTCF motif,0.75,-1042883.9060627811,32.73390871924943,0.4850323756521174,200000,source_data\method_B\TF_vplot\from_server_three_assays\TF_fragL_dist_three_assays\loMNase\CTCF_fragL_dist.txt,-6951.8895824300125
CTCF motif,1.0,-1044269.2925958136,32.73390871924943,0.4850323756521174,200000,source_data\method_B\TF_vplot\from_server_three_assays\TF_fragL_dist_three_assays\loMNase\CTCF_fragL_dist.txt,-8337.276115462533
CTCF motif,1.25,-1045778.7603406789,32.73390871924943,0.4850323756521174,200000,source_data\method_B\TF_vplot\from_server_three_assays\TF_fragL_dist_three_assays\loMNase\CTCF_fragL_dist.txt,-9846.743860327755
CTCF motif,1.5,-1047409.141402887,32.73390871924943,0.4850323756521174,200000,source_data\method_B\TF_vplot\from_server_three_assays\TF_fragL_dist_three_assays\loMNase\CTCF_fragL_dist.txt,-11477.124922535848
CTCF motif,1.75,-1049156.5008568424,32.73390871924943,0.4850323756521174,200000,source_data\method_B\TF_vplot\from_server_three_assays\TF_fragL_dist_three_assays\loMNase\CTCF_fragL_dist.txt,-13224.48437649128
CTCF motif,2.0,-1051016.2028632378,32.73390871924943,0.4850323756521174,200000,source_data\method_B\TF_vplot\from_server_three_assays\TF_fragL_dist_three_assays\loMNase\CTCF_fragL_dist.txt,-15084.18638288672
CTCF motif,2.25,-1052982.990452259,32.73390871924943,0.4850323756521174,200000,source_data\method_B\TF_vplot\from_server_three_assays\TF_fragL_dist_three_assays\loMNase\CTCF_fragL_dist.txt,-17050.97397190798
CTCF motif,2.5,-1055051.0752212089,32.73390871924943,0.4850323756521174,200000,source_data\method_B\TF_vplot\from_server_three_assays\TF_fragL_dist_three_assays\loMNase\CTCF_fragL_dist.txt,-19119.058740857756
CTCF motif,2.75,-1057214.2331669072,32.73390871924943,0.4850323756521174,200000,source_data\method_B\TF_vplot\from_server_three_assays\TF_fragL_dist_three_assays\loMNase\CTCF_fragL_dist.txt,-21282.216686556116
CTCF motif,3.0,-1059465.9030235603,32.73390871924943,0.4850323756521174,200000,source_data\method_B\TF_vplot\from_server_three_assays\TF_fragL_dist_three_assays\loMNase\CTCF_fragL_dist.txt,-23533.8865432092
CTCF motif,3.25,-1061799.283756377,32.73390871924943,0.4850323756521174,200000,source_data\method_B\TF_vplot\from_server_three_assays\TF_fragL_dist_three_assays\loMNase\CTCF_fragL_dist.txt,-25867.267276025843
CTCF motif,3.5,-1064207.4282334,32.73390871924943,0.4850323756521174,200000,source_data\method_B\TF_vplot\from_server_three_assays\TF_fragL_dist_three_assays\loMNase\CTCF_fragL_dist.txt,-28275.411753048887
CTCF motif,3.75,-1066683.330540937,32.73390871924943,0.4850323756521174,200000,source_data\method_B\TF_vplot\from_server_three_assays\TF_fragL_dist_three_assays\loMNase\CTCF_fragL_dist.txt,-30751.314060585806
CTCF motif,4.0,-1069220.004910225,32.73390871924943,0.4850323756521174,200000,source_data\method_B\TF_vplot\from_server_three_assays\TF_fragL_dist_three_assays\loMNase\CTCF_fragL_dist.txt,-33287.98842987395
CTCF motif,4.25,-1071810.5547761829,32.73390871924943,0.4850323756521174,200000,source_data\method_B\TF_vplot\from_server_three_assays\TF_fragL_dist_three_assays\loMNase\CTCF_fragL_dist.txt,-35878.538295831764
CTCF motif,4.5,-1074448.2310803258,32.73390871924943,0.4850323756521174,200000,source_data\method_B\TF_vplot\from_server_three_assays\TF_fragL_dist_three_assays\loMNase\CTCF_fragL_dist.txt,-38516.214599974686
CTCF motif,4.75,-1077126.4795369755,32.73390871924943,0.4850323756521174,200000,source_data\method_B\TF_vplot\from_server_three_assays\TF_fragL_dist_three_assays\loMNase\CTCF_fragL_dist.txt,-41194.4630566244
CTCF motif,5.0,-1079838.9771729556,32.73390871924943,0.4850323756521174,200000,source_data\method_B\TF_vplot\from_server_three_assays\TF_fragL_dist_three_assays\loMNase\CTCF_fragL_dist.txt,-43906.96069260454
CTCF motif,5.25,-1082579.6589878725,32.73390871924943,0.4850323756521174,200000,source_data\method_B\TF_vplot\from_server_three_assays\TF_fragL_dist_three_assays\loMNase\CTCF_fragL_dist.txt,-46647.642507521436
CTCF motif,5.5,-1085342.7360261083,32.73390871924943,0.4850323756521174,200000,source_data\method_B\TF_vplot\from_server_three_assays\TF_fragL_dist_three_assays\loMNase\CTCF_fragL_dist.txt,-49410.719545757165
CTCF motif,5.75,-1088122.706469536,32.73390871924943,0.4850323756521174,200000,source_data\method_B\TF_vplot\from_server_three_assays\TF_fragL_dist_three_assays\loMNase\CTCF_fragL_dist.txt,-52190.68998918496
CTCF motif,6.0,-1090914.3615293729,32.73390871924943,0.4850323756521174,200000,source_data\method_B\TF_vplot\from_server_three_assays\TF_fragL_dist_three_assays\loMNase\CTCF_fragL_dist.txt,-54982.345049021766
CTCF motif,6.25,-1093712.7879280732,32.73390871924943,0.4850323756521174,200000,source_data\method_B\TF_vplot\from_server_three_assays\TF_fragL_dist_three_assays\loMNase\CTCF_fragL_dist.txt,-57780.7714477221
CTCF motif,6.5,-1096513.3686246257,32.73390871924943,0.4850323756521174,200000,source_data\method_B\TF_vplot\from_server_three_assays\TF_fragL_dist_three_assays\loMNase\CTCF_fragL_dist.txt,-60581.35214427463
CTCF motif,6.75,-1099311.7831699234,32.73390871924943,0.4850323756521174,200000,source_data\method_B\TF_vplot\from_server_three_assays\TF_fragL_dist_three_assays\loMNase\CTCF_fragL_dist.txt,-63379.76668957225
CTCF motif,7.0,-1102104.008715297,32.73390871924943,0.4850323756521174,200000,source_data\method_B\TF_vplot\from_server_three_assays\TF_fragL_dist_three_assays\loMNase\CTCF_fragL_dist.txt,-66171.992234946
CTCF motif,7.25,-1104886.3222766803,32.73390871924943,0.4850323756521174,200000,source_data\method_B\TF_vplot\from_server_three_assays\TF_fragL_dist_three_assays\loMNase\CTCF_fragL_dist.txt,-68954.30579632916
CTCF motif,7.5,-1107655.3044222177,32.73390871924943,0.4850323756521174,200000,source_data\method_B\TF_vplot\from_server_three_assays\TF_fragL_dist_three_assays\loMNase\CTCF_fragL_dist.txt,-71723.28794186655
CTCF motif,7.75,-1110407.8441442314,32.73390871924943,0.4850323756521174,200000,source_data\method_B\TF_vplot\from_server_three_assays\TF_fragL_dist_three_assays\loMNase\CTCF_fragL_dist.txt,-74475.8276638803
CTCF motif,8.0,-1113141.144334172,32.73390871924943,0.4850323756521174,200000,source_data\method_B\TF_vplot\from_server_three_assays\TF_fragL_dist_three_assays\loMNase\CTCF_fragL_dist.txt,-77209.1278538208
CTCF motif,8.25,-1115852.727030083,32.73390871924943,0.4850323756521174,200000,source_data\method_B\TF_vplot\from_server_three_assays\TF_fragL_dist_three_assays\loMNase\CTCF_fragL_dist.txt,-79920.71054973197
CTCF motif,8.5,-1118540.4374687562,32.73390871924943,0.4850323756521174,200000,source_data\method_B\TF_vplot\from_server_three_assays\TF_fragL_dist_three_assays\loMNase\CTCF_fragL_dist.txt,-82608.42098840512
CTCF motif,8.75,-1121202.4459558213,32.73390871924943,0.4850323756521174,200000,source_data\method_B\TF_vplot\from_server_three_assays\TF_fragL_dist_three_assays\loMNase\CTCF_fragL_dist.txt,-85270.42947547021
CTCF motif,9.0,-1123837.246660996,32.73390871924943,0.4850323756521174,200000,source_data\method_B\TF_vplot\from_server_three_assays\TF_fragL_dist_three_assays\loMNase\CTCF_fragL_dist.txt,-87905.2301806449
CTCF motif,9.25,-1126443.6526347145,32.73390871924943,0.4850323756521174,200000,source_data\method_B\TF_vplot\from_server_three_assays\TF_fragL_dist_three_assays\loMNase\CTCF_fragL_dist.txt,-90511.6361543634
CTCF motif,9.5,-1129020.7865982656,32.73390871924943,0.4850323756521174,200000,source_data\method_B\TF_vplot\from_server_three_assays\TF_fragL_dist_three_assays\loMNase\CTCF_fragL_dist.txt,-93088.77011791454
CTCF motif,9.75,-1131568.0673475838,32.73390871924943,0.4850323756521174,200000,source_data\method_B\TF_vplot\from_server_three_assays\TF_fragL_dist_three_assays\loMNase\CTCF_fragL_dist.txt,-95636.05086723273
CTCF motif,10.0,-1134085.1918950877,32.73390871924943,0.4850323756521174,200000,source_data\method_B\TF_vplot\from_server_three_assays\TF_fragL_dist_three_assays\loMNase\CTCF_fragL_dist.txt,-98153.17541473662
bias AAG,-10.0,-1140756.5081249601,0.0,7.89854716312831e-06,200000,source_data\method_B\sequence_bias\MNase_Bias_AAG_loMNase_fragL_dist.txt,-0.06680477526970208
bias AAG,-9.75,-1140756.5090490046,0.0,7.89854716312831e-06,200000,source_data\method_B\sequence_bias\MNase_Bias_AAG_loMNase_fragL_dist.txt,-0.06772881979122758
bias AAG,-9.5,-1140756.509976889,0.0,7.89854716312831e-06,200000,source_data\method_B\sequence_bias\MNase_Bias_AAG_loMNase_fragL_dist.txt,-0.06865670415572822
bias AAG,-9.25,-1140756.5109084116,0.0,7.89854716312831e-06,200000,source_data\method_B\sequence_bias\MNase_Bias_AAG_loMNase_fragL_dist.txt,-0.0695882267318666
bias AAG,-9.0,-1140756.511843435,0.0,7.89854716312831e-06,200000,source_data\method_B\sequence_bias\MNase_Bias_AAG_loMNase_fragL_dist.txt,-0.07052325014956295
bias AAG,-8.75,-1140756.5127819912,0.0,7.89854716312831e-06,200000,source_data\method_B\sequence_bias\MNase_Bias_AAG_loMNase_fragL_dist.txt,-0.07146180630661547
bias AAG,-8.5,-1140756.5137243415,0.0,7.89854716312831e-06,200000,source_data\method_B\sequence_bias\MNase_Bias_AAG_loMNase_fragL_dist.txt,-0.07240415667183697
bias AAG,-8.25,-1140756.5146710016,0.0,7.89854716312831e-06,200000,source_data\method_B\sequence_bias\MNase_Bias_AAG_loMNase_fragL_dist.txt,-0.0733508167322725
bias AAG,-8.0,-1140756.5156227145,0.0,7.89854716312831e-06,200000,source_data\method_B\sequence_bias\MNase_Bias_AAG_loMNase_fragL_dist.txt,-0.07430252968333662
bias AAG,-7.75,-1140756.5165803994,0.0,7.89854716312831e-06,200000,source_data\method_B\sequence_bias\MNase_Bias_AAG_loMNase_fragL_dist.txt,-0.0752602145075798
bias AAG,-7.5,-1140756.5175450647,0.0,7.89854716312831e-06,200000,source_data\method_B\sequence_bias\MNase_Bias_AAG_loMNase_fragL_dist.txt,-0.07622487982735038
bias AAG,-7.25,-1140756.5185177112,0.0,7.89854716312831e-06,200000,source_data\method_B\sequence_bias\MNase_Bias_AAG_loMNase_fragL_dist.txt,-0.07719752634875476
bias AAG,-7.0,-1140756.5194992127,0.0,7.89854716312831e-06,200000,source_data\method_B\sequence_bias\MNase_Bias_AAG_loMNase_fragL_dist.txt,-0.0781790278851986
bias AAG,-6.75,-1140756.520490182,0.0,7.89854716312831e-06,200000,source_data\method_B\sequence_bias\MNase_Bias_AAG_loMNase_fragL_dist.txt,-0.07916999724693596
bias AAG,-6.5,-1140756.5214908125,0.0,7.89854716312831e-06,200000,source_data\method_B\sequence_bias\MNase_Bias_AAG_loMNase_fragL_dist.txt,-0.08017062768340111
bias AAG,-6.25,-1140756.5225006852,0.0,7.89854716312831e-06,200000,source_data\method_B\sequence_bias\MNase_Bias_AAG_loMNase_fragL_dist.txt,-0.08118050033226609
bias AAG,-6.0,-1140756.5235185327,0.0,7.89854716312831e-06,200000,source_data\method_B\sequence_bias\MNase_Bias_AAG_loMNase_fragL_dist.txt,-0.08219834789633751
bias AAG,-5.75,-1140756.5245419482,0.0,7.89854716312831e-06,200000,source_data\method_B\sequence_bias\MNase_Bias_AAG_loMNase_fragL_dist.txt,-0.08322176337242126
bias AAG,-5.5,-1140756.5255670347,0.0,7.89854716312831e-06,200000,source_data\method_B\sequence_bias\MNase_Bias_AAG_loMNase_fragL_dist.txt,-0.08424684987403452
bias AAG,-5.25,-1140756.5265880022,0.0,7.89854716312831e-06,200000,source_data\method_B\sequence_bias\MNase_Bias_AAG_loMNase_fragL_dist.txt,-0.0852678173687309
bias AAG,-5.0,-1140756.5275967028,0.0,7.89854716312831e-06,200000,source_data\method_B\sequence_bias\MNase_Bias_AAG_loMNase_fragL_dist.txt,-0.08627651794813573
bias AAG,-4.75,-1140756.5285821368,0.0,7.89854716312831e-06,200000,source_data\method_B\sequence_bias\MNase_Bias_AAG_loMNase_fragL_dist.txt,-0.08726195199415088
bias AAG,-4.5,-1140756.5295299422,0.0,7.89854716312831e-06,200000,source_data\method_B\sequence_bias\MNase_Bias_AAG_loMNase_fragL_dist.txt,-0.08820975734852254
bias AAG,-4.25,-1140756.5304219197,0.0,7.89854716312831e-06,200000,source_data\method_B\sequence_bias\MNase_Bias_AAG_loMNase_fragL_dist.txt,-0.08910173480398953
bias AAG,-4.0,-1140756.5312356334,0.0,7.89854716312831e-06,200000,source_data\method_B\sequence_bias\MNase_Bias_AAG_loMNase_fragL_dist.txt,-0.0899154485668987
bias AAG,-3.75,-1140756.5319441594,0.0,7.89854716312831e-06,200000,source_data\method_B\sequence_bias\MNase_Bias_AAG_loMNase_fragL_dist.txt,-0.09062397456727922
bias AAG,-3.5,-1140756.5325160522,0.0,7.89854716312831e-06,200000,source_data\method_B\sequence_bias\MNase_Bias_AAG_loMNase_fragL_dist.txt,-0.09119586739689112
bias AAG,-3.25,-1140756.5329155973,0.0,7.89854716312831e-06,200000,source_data\method_B\sequence_bias\MNase_Bias_AAG_loMNase_fragL_dist.txt,-0.0915954124648124
bias AAG,-3.0,-1140756.5331034355,0.0,7.89854716312831e-06,200000,source_data\method_B\sequence_bias\MNase_Bias_AAG_loMNase_fragL_dist.txt,-0.09178325068205595
bias AAG,-2.75,-1140756.533037593,0.0,7.89854716312831e-06,200000,source_data\method_B\sequence_bias\MNase_Bias_AAG_loMNase_fragL_dist.txt,-0.09171740803867579
bias AAG,-2.5,-1140756.53267496,0.0,7.89854716312831e-06,200000,source_data\method_B\sequence_bias\MNase_Bias_AAG_loMNase_fragL_dist.txt,-0.09135477524250746
bias AAG,-2.25,-1140756.5319732027,0.0,7.89854716312831e-06,200000,source_data\method_B\sequence_bias\MNase_Bias_AAG_loMNase_fragL_dist.txt,-0.0906530178617686
bias AAG,-2.0,-1140756.5308930422,0.0,7.89854716312831e-06,200000,source_data\method_B\sequence_bias\MNase_Bias_AAG_loMNase_fragL_dist.txt,-0.08957285736687481
bias AAG,-1.75,-1140756.529400807,0.0,7.89854716312831e-06,200000,source_data\method_B\sequence_bias\MNase_Bias_AAG_loMNase_fragL_dist.txt,-0.08808062225580215
bias AAG,-1.5,-1140756.52747108,0.0,7.89854716312831e-06,200000,source_data\method_B\sequence_bias\MNase_Bias_AAG_loMNase_fragL_dist.txt,-0.08615089510567486
bias AAG,-1.25,-1140756.5250892334,0.0,7.89854716312831e-06,200000,source_data\method_B\sequence_bias\MNase_Bias_AAG_loMNase_fragL_dist.txt,-0.08376904856413603
bias AAG,-1.0,-1140756.522253611,0.0,7.89854716312831e-06,200000,source_data\method_B\sequence_bias\MNase_Bias_AAG_loMNase_fragL_dist.txt,-0.08093342604115605
bias AAG,-0.75,-1140756.5189771012,0.0,7.89854716312831e-06,200000,source_data\method_B\sequence_bias\MNase_Bias_AAG_loMNase_fragL_dist.txt,-0.07765691634267569
bias AAG,-0.5,-1140756.5152878703,0.0,7.89854716312831e-06,200000,source_data\method_B\sequence_bias\MNase_Bias_AAG_loMNase_fragL_dist.txt,-0.07396768545731902
bias AAG,-0.25,-1140756.5112290923,0.0,7.89854716312831e-06,200000,source_data\method_B\sequence_bias\MNase_Bias_AAG_loMNase_fragL_dist.txt,-0.06990890740416944
bias AAG,0.0,-1140756.5068575984,0.0,7.89854716312831e-06,200000,source_data\method_B\sequence_bias\MNase_Bias_AAG_loMNase_fragL_dist.txt,-0.06553741358220577
bias AAG,0.25,-1140756.5022414925,0.0,7.89854716312831e-06,200000,source_data\method_B\sequence_bias\MNase_Bias_AAG_loMNase_fragL_dist.txt,-0.060921307653188705
bias AAG,0.5,-1140756.497456911,0.0,7.89854716312831e-06,200000,source_data\method_B\sequence_bias\MNase_Bias_AAG_loMNase_fragL_dist.txt,-0.05613672616891563
bias AAG,0.75,-1140756.4925842197,0.0,7.89854716312831e-06,200000,source_data\method_B\sequence_bias\MNase_Bias_AAG_loMNase_fragL_dist.txt,-0.05126403481699526
bias AAG,1.0,-1140756.4877040177,0.0,7.89854716312831e-06,200000,source_data\method_B\sequence_bias\MNase_Bias_AAG_loMNase_fragL_dist.txt,-0.04638383281417191
bias AAG,1.25,-1140756.4828933317,0.0,7.89854716312831e-06,200000,source_data\method_B\sequence_bias\MNase_Bias_AAG_loMNase_fragL_dist.txt,-0.04157314682379365
bias AAG,1.5,-1140756.4782223566,0.0,7.89854716312831e-06,200000,source_data\method_B\sequence_bias\MNase_Bias_AAG_loMNase_fragL_dist.txt,-0.03690217179246247
bias AAG,1.75,-1140756.4737519925,0.0,7.89854716312831e-06,200000,source_data\method_B\sequence_bias\MNase_Bias_AAG_loMNase_fragL_dist.txt,-0.0324318076018244
bias AAG,2.0,-1140756.4695323028,0.0,7.89854716312831e-06,200000,source_data\method_B\sequence_bias\MNase_Bias_AAG_loMNase_fragL_dist.txt,-0.028212117962539196
bias AAG,2.25,-1140756.465601889,0.0,7.89854716312831e-06,200000,source_data\method_B\sequence_bias\MNase_Bias_AAG_loMNase_fragL_dist.txt,-0.024281704099848866
bias AAG,2.5,-1140756.461988057,0.0,7.89854716312831e-06,200000,source_data\method_B\sequence_bias\MNase_Bias_AAG_loMNase_fragL_dist.txt,-0.020667872158810496
bias AAG,2.75,-1140756.458707591,0.0,7.89854716312831e-06,200000,source_data\method_B\sequence_bias\MNase_Bias_AAG_loMNase_fragL_dist.txt,-0.017387406202033162
bias AAG,3.0,-1140756.455767904,0.0,7.89854716312831e-06,200000,source_data\method_B\sequence_bias\MNase_Bias_AAG_loMNase_fragL_dist.txt,-0.014447719091549516
bias AAG,3.25,-1140756.453168363,0.0,7.89854716312831e-06,200000,source_data\method_B\sequence_bias\MNase_Bias_AAG_loMNase_fragL_dist.txt,-0.01184817822650075
bias AAG,3.5,-1140756.450901627,0.0,7.89854716312831e-06,200000,source_data\method_B\sequence_bias\MNase_Bias_AAG_loMNase_fragL_dist.txt,-0.009581442223861814
bias AAG,3.75,-1140756.4489548819,0.0,7.89854716312831e-06,200000,source_data\method_B\sequence_bias\MNase_Bias_AAG_loMNase_fragL_dist.txt,-0.007634697016328573
bias AAG,4.0,-1140756.4473109245,0.0,7.89854716312831e-06,200000,source_data\method_B\sequence_bias\MNase_Bias_AAG_loMNase_fragL_dist.txt,-0.005990739678964019
bias AAG,4.25,-1140756.4459490902,0.0,7.89854716312831e-06,200000,source_data\method_B\sequence_bias\MNase_Bias_AAG_loMNase_fragL_dist.txt,-0.004628905327990651
bias AAG,4.5,-1140756.4448460464,0.0,7.89854716312831e-06,200000,source_data\method_B\sequence_bias\MNase_Bias_AAG_loMNase_fragL_dist.txt,-0.0035258615389466286
bias AAG,4.75,-1140756.4439764943,0.0,7.89854716312831e-06,200000,source_data\method_B\sequence_bias\MNase_Bias_AAG_loMNase_fragL_dist.txt,-0.002656309399753809
bias AAG,5.0,-1140756.4433138168,0.0,7.89854716312831e-06,200000,source_data\method_B\sequence_bias\MNase_Bias_AAG_loMNase_fragL_dist.txt,-0.0019936319440603256
bias AAG,5.25,-1140756.442830705,0.0,7.89854716312831e-06,200000,source_data\method_B\sequence_bias\MNase_Bias_AAG_loMNase_fragL_dist.txt,-0.0015105202328413725
bias AAG,5.5,-1140756.442499772,0.0,7.89854716312831e-06,200000,source_data\method_B\sequence_bias\MNase_Bias_AAG_loMNase_fragL_dist.txt,-0.0011795870959758759
bias AAG,5.75,-1140756.4422941522,0.0,7.89854716312831e-06,200000,source_data\method_B\sequence_bias\MNase_Bias_AAG_loMNase_fragL_dist.txt,-0.000973967369645834
bias AAG,6.0,-1140756.4421880753,0.0,7.89854716312831e-06,200000,source_data\method_B\sequence_bias\MNase_Bias_AAG_loMNase_fragL_dist.txt,-0.0008678904268890619
bias AAG,6.25,-1140756.4421573803,0.0,7.89854716312831e-06,200000,source_data\method_B\sequence_bias\MNase_Bias_AAG_loMNase_fragL_dist.txt,-0.0008371954318135977
bias AAG,6.5,-1140756.4421799495,0.0,7.89854716312831e-06,200000,source_data\method_B\sequence_bias\MNase_Bias_AAG_loMNase_fragL_dist.txt,-0.0008597646374255419
bias AAG,6.75,-1140756.442236036,0.0,7.89854716312831e-06,200000,source_data\method_B\sequence_bias\MNase_Bias_AAG_loMNase_fragL_dist.txt,-0.0009158512111753225
bias AAG,7.0,-1140756.4423084697,0.0,7.89854716312831e-06,200000,source_data\method_B\sequence_bias\MNase_Bias_AAG_loMNase_fragL_dist.txt,-0.0009882848244160414
bias AAG,7.25,-1140756.4423827361,0.0,7.89854716312831e-06,200000,source_data\method_B\sequence_bias\MNase_Bias_AAG_loMNase_fragL_dist.txt,-0.0010625512804836035
bias AAG,7.5,-1140756.4424469308,0.0,7.89854716312831e-06,200000,source_data\method_B\sequence_bias\MNase_Bias_AAG_loMNase_fragL_dist.txt,-0.0011267459485679865
bias AAG,7.75,-1140756.4424916108,0.0,7.89854716312831e-06,200000,source_data\method_B\sequence_bias\MNase_Bias_AAG_loMNase_fragL_dist.txt,-0.0011714259162545204
bias AAG,8.0,-1140756.442509558,0.0,7.89854716312831e-06,200000,source_data\method_B\sequence_bias\MNase_Bias_AAG_loMNase_fragL_dist.txt,-0.0011893732007592916
bias AAG,8.25,-1140756.442495486,0.0,7.89854716312831e-06,200000,source_data\method_B\sequence_bias\MNase_Bias_AAG_loMNase_fragL_dist.txt,-0.0011753011494874954
bias AAG,8.5,-1140756.4424457245,0.0,7.89854716312831e-06,200000,source_data\method_B\sequence_bias\MNase_Bias_AAG_loMNase_fragL_dist.txt,-0.0011255396530032158
bias AAG,8.75,-1140756.4423578922,0.0,7.89854716312831e-06,200000,source_data\method_B\sequence_bias\MNase_Bias_AAG_loMNase_fragL_dist.txt,-0.001037707319483161
bias AAG,9.0,-1140756.4422305995,0.0,7.89854716312831e-06,200000,source_data\method_B\sequence_bias\MNase_Bias_AAG_loMNase_fragL_dist.txt,-0.0009104146156460047
bias AAG,9.25,-1140756.4420631798,0.0,7.89854716312831e-06,200000,source_data\method_B\sequence_bias\MNase_Bias_AAG_loMNase_fragL_dist.txt,-0.0007429949473589659
bias AAG,9.5,-1140756.4418554748,0.0,7.89854716312831e-06,200000,source_data\method_B\sequence_bias\MNase_Bias_AAG_loMNase_fragL_dist.txt,-0.0005352899897843599
bias AAG,9.75,-1140756.4416076697,0.0,7.89854716312831e-06,200000,source_data\method_B\sequence_bias\MNase_Bias_AAG_loMNase_fragL_dist.txt,-0.0002874848432838917
bias AAG,10.0,-1140756.4413201849,0.0,7.89854716312831e-06,200000,source_data\method_B\sequence_bias\MNase_Bias_AAG_loMNase_fragL_dist.txt,0.0
